X(E/m),Y(N/m)
166320.412953516002744,132.530603106474388
166320.412953516002744,132.530603106474388
166320.412953516002744,132.530603106474388
166320.412953516002744,132.530603106474388
166320.412953516002744,132.530603106474388
166320.412953516002744,132.530603106474388
166320.412953516002744,132.530603106474388
166320.412953516002744,132.530603106474388
166320.412953516002744,132.530603106474388
166320.412953516002744,132.530603106474388
166320.412953516002744,132.530603106474388
166320.412953516002744,132.530603106474388
166320.412953516002744,132.530603106474388
166320.412953516002744,132.530603106474388
166320.412953516002744,132.530603106474388
166320.412953516002744,132.530603106474388
166320.412953516002744,132.530603106474388
166320.412953516002744,132.530603106474388
166320.412953516002744,132.530603106474388
166320.412953516002744,132.530603106474388
166320.412953516002744,132.530603106474388
166320.412953516002744,132.530603106474388
166320.412953516002744,132.530603106474388
166320.412953516002744,132.530603106474388
166320.412953516002744,132.530603106474388
166320.412953516002744,132.530603106474388
166320.412953516002744,132.530603106474388
166320.412953516002744,132.530603106474388
166320.412953516002744,132.530603106474388
166320.412953516002744,132.530603106474388
166320.412953516002744,132.530603106474388
166320.412953516002744,132.530603106474388
166320.412953516002744,132.530603106474388
166320.412953516002744,132.530603106474388
166320.412953516002744,132.530603106474388
166320.412953516002744,132.530603106474388
166320.412953516002744,132.530603106474388
166320.412953516002744,132.530603106474388
166320.412953516002744,132.530603106474388
166320.412953516002744,132.530603106474388
166320.412953516002744,132.530603106474388
166320.412953516002744,132.530603106474388
166320.412953516002744,132.530603106474388
166320.412953516002744,132.530603106474388
166320.412953516002744,132.530603106474388
166320.412953516002744,132.530603106474388
166320.412953516002744,132.530603106474388
166320.412953516002744,132.530603106474388
166320.412953516002744,132.530603106474388
166320.412953516002744,132.530603106474388
166320.412953516002744,132.530603106474388
166320.412953516002744,132.530603106474388
166320.412953516002744,132.530603106474388
166320.412953516002744,132.530603106474388
166320.412953516002744,132.530603106474388
166320.412953516002744,132.530603106474388
166320.412953516002744,132.530603106474388
166320.412953516002744,132.530603106474388
166320.412953516002744,132.530603106474388
166320.412953516002744,132.530603106474388
166320.412953516002744,132.530603106474388
166320.412953516002744,132.530603106474388
166320.412953516002744,132.530603106474388
166320.412953516002744,132.530603106474388
166320.412953516002744,132.530603106474388
166320.412953516002744,132.530603106474388
166320.412953516002744,132.530603106474388
166320.412953516002744,132.530603106474388
166320.412953516002744,132.530603106474388
166320.412953516002744,132.530603106474388
166320.412953516002744,132.530603106474388
166320.412953516002744,132.530603106474388
166320.412953516002744,132.530603106474388
166320.412953516002744,132.530603106474388
166320.412953516002744,132.530603106474388
166320.412953516002744,132.530603106474388
166320.412953516002744,132.530603106474388
166320.412953516002744,132.530603106474388
166320.412953516002744,132.530603106474388
166320.412953516002744,132.530603106474388
166320.412953516002744,132.530603106474388
166320.412953516002744,132.530603106474388
166320.412953516002744,132.530603106474388
166320.412953516002744,132.530603106474388
166320.412953516002744,132.530603106474388
166320.412953516002744,132.530603106474388
166320.412953516002744,132.530603106474388
166320.412953516002744,132.530603106474388
166320.412953516002744,132.530603106474388
166320.412953516002744,132.530603106474388
166320.412953516002744,132.530603106474388
166320.412953516002744,132.530603106474388
166320.412953516002744,132.530603106474388
166320.412953516002744,132.530603106474388
166320.412953516002744,132.530603106474388
166320.412953516002744,132.530603106474388
166320.412953516002744,132.530603106474388
166320.412953516002744,132.530603106474388
166320.412953516002744,132.530603106474388
166320.412953516002744,132.530603106474388
166320.412953516002744,132.530603106474388
166320.412953516002744,132.530603106474388
166320.412953516002744,132.530603106474388
166320.412953516002744,132.530603106474388
166320.412953516002744,132.530603106474388
166320.412953516002744,132.530603106474388
166320.412953516002744,132.530603106474388
166320.412953516002744,132.530603106474388
166320.412953516002744,132.530603106474388
166320.412953516002744,132.530603106474388
166320.412953516002744,132.530603106474388
166320.412953516002744,132.530603106474388
166320.412953516002744,132.530603106474388
166320.412953516002744,132.530603106474388
166320.412953516002744,132.530603106474388
166320.412953516002744,132.530603106474388
166320.412953516002744,132.530603106474388
166320.412953516002744,132.530603106474388
166320.412953516002744,132.530603106474388
166320.412953516002744,132.530603106474388
166320.412953516002744,132.530603106474388
166320.412953516002744,132.530603106474388
166320.412953516002744,132.530603106474388
166320.412953516002744,132.530603106474388
166320.412953516002744,132.530603106474388
166320.412250643654261,132.530587929700118
166320.412036726018414,132.530587929934399
166320.412556240335107,132.530587929365424
166320.417140190373175,132.530724522241371
166320.426858164370060,132.530876287038296
166320.443879898695741,132.531058398923790
166320.467349722457584,132.531149438482601
166320.496228607138619,132.531483312821877
166320.531097186438274,132.531680582704212
166320.573116727638990,132.532014442650706
166320.621889955131337,132.532393827831896
166320.677050152968150,132.532940159001640
166320.738811238901690,132.533562370661173
166320.807417690055445,132.534427415526636
166320.882961185649037,132.535444228233047
166320.965380606241524,132.536764584286800
166321.054706511728000,132.538312595933604
166321.150938901875634,132.540194505980566
166321.253955538151786,132.542364781928541
166321.363756420498248,132.544914489040110
166321.480188750661910,132.547798094849384
166321.603191409318242,132.551076309597477
166321.732581038435455,132.554718778395880
166321.868357637955341,132.558755856330379
166322.010368409450166,132.563142010935024
166322.158491114503704,132.567907597429411
166322.312572954338975,132.573037438434937
166322.472552810038906,132.578486001385215
166322.638400120602455,132.583342633684566
166322.810023207683116,132.588411745254632
166322.987360952771269,132.593860289141759
166323.170474474376533,132.599445424577084
166323.359272093279287,132.604969843591761
166323.553723249991890,132.610342480956774
166323.753766824840568,132.615532981651711
166323.959341698559001,132.620541345743845
166324.170447871205397,132.625352395689731
166324.387054782942869,132.630011664154068
166324.609040195238777,132.634549506357956
166324.836373548314441,132.638965922335018
166325.069115961785428,132.643397509909647
166325.307114637165796,132.647829091705120
166325.550369574397337,132.652291022807844
166325.798850213934202,132.656813658337200
166326.052495436335448,132.661427353446044
166326.310816287004855,132.666101753582581
166326.574882354296278,132.670927922832931
166326.841637671343051,132.675723734027002
166327.112365744542331,132.680792736621783
166327.385324672504794,132.685725138859056
166327.663325944740791,132.690991441494106
166327.944535980583169,132.695680993947747
166328.231399553536903,132.700370540179563
166328.521899725659750,132.704832419255268
166328.818297912308481,132.709476422357085
166329.118485496379435,132.713847225506640
166329.424601654463913,132.718248377217918
166329.734476650017314,132.722239731125995
166330.049638466502074,132.726170369043246
166330.367245054920204,132.729706388145246
166330.687143617076799,132.733136161915183
166331.005300277145579,132.736140966381271
166331.321409438736737,132.739100240449517
166331.632292896800209,132.741680081668648
166331.938898001040798,132.744275105110546
166332.239268933073618,132.746536229441745
166332.536003264598548,132.748949133176666
166332.827817489102017,132.750861183394903
166333.117370297899470,132.752803591169794
166333.400291658705100,132.754518343074409
166333.676031498529483,132.756384878273821
166333.940097546088509,132.757993408052357
166334.193131554930005,132.759586772385290
166334.432383155275602,132.761058731494671
166334.658463540428784,132.762439639795616
166334.872167261783034,132.763699141332864
166335.073922154551838,132.764837235638083
166335.264308852609247,132.765853922075081
166335.443632952228654,132.766764377851587
166335.612291729543358,132.767568602532435
166335.770590780826751,132.768312128409406
166335.918805143563077,132.768979777638975
166336.057270973629784,132.769586727394994
166336.186293867940549,132.770132977342286
166336.307065653265454,132.770664058799838
166336.424200838664547,132.771149611620359
166336.541336024005432,132.771665519524106
166336.661527175398078,132.772196601615661
166336.786027238995302,132.772712501436160
166336.915814124105964,132.773289105622581
166337.051193427119870,132.773865703671419
166337.192409625626169,132.774487827940078
166337.339432159613352,132.775125123378160
166337.492352708242834,132.775823122510644
166337.651171271165367,132.776414872376193
166337.815796169976238,132.777052148494676
166337.986257963697426,132.777734950832070
166338.162495533411857,132.778432924371714
166338.344447759562172,132.779115714096747
166338.532114642148372,132.779783320007169
166338.725435061787721,132.780450919711797
166338.924347899097484,132.781133690819331
166339.128822594473604,132.781801278279744
166339.338828588195611,132.782453682126487
166339.554304760938976,132.783106079968348
166339.775189993437380,132.783743294330606
166340.001453725795727,132.784395680330107
166340.233095958072226,132.785048060424998
166340.470055571000557,132.785745967306923
166340.711996408121195,132.786413513636859
166340.957604404247832,132.787096233481378
166341.204343107296154,132.787778952082334
166341.449401028454304,132.788461672524932
166341.690791789733339,132.789144396989087
166341.927781959529966,132.789827126279732
166342.160738253558520,132.790479504911758
166342.390699700394180,132.791101531745284
166342.618766447820235,132.791723560655697
166342.846130323188845,132.792785739031274
166343.074135950882919,132.793938981945928
166343.303363964776509,132.795061868432214
166343.533355969761033,132.796260641781714
166343.762950698728673,132.797550480809463
166343.990986884746235,132.798992096953725
166344.216669976711273,132.800570313544767
166344.439755497383885,132.802269953309036
166344.660426804504823,132.804106193585966
166344.879142293182667,132.806048678789580
166345.096299238852225,132.808051875860713
166345.312264357460663,132.810130961937375
166345.527129327936564,132.812179694132311
166345.740924710000400,132.814228427493958
166345.953467145562172,132.816337872387038
166346.164573276764713,132.818386608685955
166346.374181984167080,132.820435346621366
166346.582201589015312,132.822438553671617
166346.788662650797050,132.824441762425749
166346.993595731211826,132.828205567574599
166347.198162096668966,132.833046978502892
166347.404898197273724,132.837858031951669
166347.615332016954198,132.843048519840721
166347.830196987604722,132.849013057418460
166348.049920944904443,132.856085550103586
166348.274106615979690,132.866618517112983
166348.501378817891236,132.882569862665747
166348.732562659191899,132.901556711964020
166348.968666607863270,132.923093382585563
166349.209935142018367,132.947726265700226
166349.455329236050602,132.978354272647977
166349.704910009284504,133.014719385135436
166349.959013616549782,133.055774352469257
166350.217792856798042,133.102035210818087
166350.476663781737443,133.153987646476708
166350.736451505566947,133.214727876712459
166350.996789309778251,133.281766785274499
166351.260733160597738,133.355620405119879
166351.525379891449120,133.437062793946950
166351.789812716015149,133.529433011543517
166352.053603796754032,133.630166054035470
166352.318036641518120,133.741599261120029
166352.581216550490353,133.862700562099747
166352.843724160222337,133.996126025770934
166353.103878688183613,134.140691805801964
166353.361619018076453,134.298993261524913
166353.612636237579864,134.470499183753532
166353.859069523983635,134.656105044905814
166354.098963058029767,134.854991259945251
166354.332652998098638,135.068630049811077
166354.557847368181683,135.295822391371047
166354.770542855258100,135.537949445198535
166354.965788790839724,135.791368607311455
166355.142912861367222,136.055214758757614
166355.304848795174621,136.330201240669538
166355.453124578401912,136.619181428838004
166355.587740209652111,136.920895587518658
166355.708298414596356,137.236163304361838
166355.814371354121249,137.561417858112804
166355.906295183929615,137.896067324434171
166355.980188824294601,138.237364573188387
166356.037305222416762,138.586083657600142
166356.082717278215569,138.939477437313911
166356.118594728177413,139.298350319527003
166356.146862828696612,139.660653334254306
166356.169324600894470,140.027722102957938
166356.187783062865492,140.398023692099031
166356.203888437885325,140.773106208829546
166356.219321505748667,141.151603672647468
166356.235151855857112,141.534973126105172
166356.252785230986774,141.921711991131360
166356.272710586665198,142.312761274585029
166356.293063781457022,142.705965768022850
166356.313905934104696,143.101021920576102
166356.336398309213109,143.495744165166172
166356.360082512255758,143.890496763271329
166356.384439026995096,144.283686073846894
166356.408398266939912,144.676328993315536
166356.431654634186998,145.067408626898498
166356.453474698762875,145.458412374359938
166356.473644541925751,145.848414406060044
166356.491828009136952,146.239008364072617
166356.508300136600155,146.629222885553162
166356.522969246667344,147.020454304266821
166356.536232613550965,147.411549126742273
166356.546959531609900,147.803721557536790
166356.556158467719797,148.195635971961082
166356.564379497140180,148.588369974661020
166356.572142132266890,148.980603119067666
166356.579415814776439,149.373352300371465
166356.586445020569954,149.765403315112508
166356.593076952558476,150.157864123868137
166356.599494967143983,150.549566055870827
166356.605515708099119,150.941738492052707
166356.611505890032277,151.333258294034351
166356.617221036809497,151.725370020363442
166356.622875064960681,152.116889822691121
166356.627887342358008,152.509062259990287
166356.632594023714773,152.900718661299521
166356.637056230101734,153.293042874626821
166356.641457317629829,153.684805519040708
166356.645583370409440,154.077205620435876
166356.649556625285186,154.469028975497878
166356.653163166425657,154.861444255044489
166356.656586349999998,155.253237255682961
166356.659459461923689,155.645607003508303
166356.662271454872098,156.037339294734323
166356.664777853235137,156.429587622680543
166356.667284251365345,156.820788700384270
166356.669576732558198,157.211413031848139
166356.671563615149353,157.599502714596781
166356.673214339942206,157.985497897318879
166356.674956739938352,158.367653162413973
166356.676485219853930,158.746970227890046
166356.678166493715253,159.122113469789895
166356.679572728346102,159.494600642627432
166356.681101197842509,159.863308607956583
166356.682385188410990,160.229982783305672
166356.683791414485313,160.593515207806036
166356.684861483401619,160.955545056333563
166356.685992669255938,161.314827770121781
166356.687001615762711,161.672850748287289
166356.688071678916458,162.028081059095115
166356.688775025308132,162.381930214293277
166356.689570047892630,162.732804571620221
166356.690151151444297,163.082054932503240
166356.690762811456807,163.428057299886490
166356.691191112215165,163.772359783089342
166356.691741647955496,164.113353562510810
166356.692139384162147,164.452677812790853
166356.692659355700016,164.788799602065581
166356.693057087366469,165.123388460013842
166356.693546494701877,165.454911454853601
166356.693791423866060,165.785098826548762
166356.694128028757405,166.112250690214921
166356.694281274918467,166.438142818352134
166356.694617875851691,166.761105681110507
166356.694740558159538,167.082778453304229
166356.695077154843602,167.401461249917958
166356.695230392739177,167.718823600846832
166356.695536425162572,168.033120088581740
166356.695750778075308,168.346232728360945
166356.695934567716904,168.656279505200814
166356.695904438907746,168.965127256717182
166356.696027104975656,169.270909145039155
166356.695996971800923,169.575537540571815
166356.696089073782787,169.877115250491755
166356.696028376638424,170.177600177781500
166356.696181593812071,170.475110307026313
166356.696059773152228,170.771573186432448
166356.696182426356245,171.065076445289236
166356.696060601680074,171.357638697042063
166356.696183250867762,171.647256505783901
166356.696061422058847,171.935918129883447
166356.696184066997375,172.221680843589439
166356.696092793717980,172.506487372610621
166356.696215434640180,172.788394991280597
166356.696154716832098,173.069346425223159
166356.696307913167402,173.347383771273712
166356.696216630865820,173.624055139118610
166356.696339257876389,173.894518892997269
166356.696309077495243,174.158228642013569
166356.696431679767556,174.410737366652114
166356.696340346941724,174.650739799043350
166356.696310115279630,174.877810967684695
166356.696310425875708,175.092557974200531
166356.696249600325245,175.295481677527107
166356.696188758709468,175.487037403761661
166356.696066781936679,175.667543881322302
166356.695944789971691,175.837395726147889
166356.695945021929219,175.996896488850609
166356.695945239451248,176.146349720398291
166356.695945442828815,176.286074149120509
166356.695945632643998,176.416297438109893
166356.695915249700192,176.537474913596327
166356.695915413380135,176.649621753030289
166356.695915566699114,176.754665503973854
166356.695915714139119,176.855489898933911
166356.695915862976108,176.957346366580566
166356.695916016062256,177.061934791338899
166356.695916176133323,177.171319318582107
166356.695916344004218,177.285940096956040
166356.695885961002205,177.406449760704362
166356.695886146393605,177.532893842356060
166356.695886340807192,177.665333052113908
166356.695886544126552,177.803752212438354
166356.695886756351683,177.948105790711054
166356.695886977366172,178.098408964471218
166356.695887207402848,178.254570668482074
166356.695887446170673,178.416621257822527
166356.695887693844270,178.584439312176443
166356.695887950132601,178.758009654004439
166356.695765976444818,178.937286750868623
166356.695674571150448,179.122225069924980
166356.695674853282981,179.312794256003684
166356.695552905614022,179.508963954342533
166356.695369847060647,179.710643099614572
166356.695186796947382,179.917801336650115
166356.694973195611965,180.130393132876151
166356.694973520410713,180.348448843007418
166356.694851614884101,180.571847047228374
166356.694668598065618,180.800269017118865
166356.694485586660448,181.032030045701987
166356.694241457036696,181.264246400562740
166356.694058443594258,181.494034349011230
166356.693844864610583,181.719678829220214
166356.693845196918119,181.940861112492541
166356.693845523986965,182.158218655808440
166356.693845848320052,182.373512053751085
166356.693846173817292,182.589397375734592
166356.693846503854729,182.807969122211261
166356.693846839771140,183.030198655709796
166356.693847181275487,183.255797602979356
166356.693847525748424,183.483096434674025
166356.693847869464662,183.709666744472287
166356.693848209572025,183.933550629777272
166356.693848544673529,184.153882970837145
166356.693848875816911,184.371331579390159
166356.693849206436425,184.588188263902310
166356.693849540315568,184.806926963313686
166356.693849879840855,185.029050254035582
166356.693819666281343,185.255377723248472
166356.693606102722697,185.486364697371982
166356.693423106626142,185.722254016711020
166356.693270678166300,185.963136746502414
166356.693087698484305,186.209058419458643
166356.692904727126006,186.460064568151438
166356.692721764498856,186.716413210752307
166356.692538807750680,186.976252687441189
166356.692325301468372,187.242239067679691
166356.692172919691075,187.511230600647337
166356.691989988903515,187.786642232875607
166356.691898742050398,188.064892064850653
166356.691624144325033,188.347285365397681
166356.691563468950335,188.632228492250221
166356.691319444274995,188.922316805283060
166356.691228223731741,189.215759354309881
166356.690953654819168,189.514741705545390
166356.690923569491133,189.817427376039234
166356.690649016702082,190.125819801773133
166356.690527269092854,190.437976257066367
166356.690252732776571,190.755885000075409
166356.690161561418790,191.077527417515853
166356.689703683892731,191.404876590392632
166356.689520850195549,191.735959437555465
166356.689276906836312,192.072642796895678
166356.688941291358788,192.413029476023496
166356.688575126056094,192.758940779583583
166356.688422885141335,193.108525047365873
166356.688117855461314,193.463436631761482
166356.687935071298853,193.821960470366463
166356.687599498371128,194.185705382809402
166356.687447289936244,194.552956306586481
166356.687172852281947,194.925337238915745
166356.686990100482944,195.301193827646614
166356.686715678719338,195.682043827025950
166356.686594062368385,196.066354305167863
166356.686319656728301,196.455582306359872
166356.686167496081907,196.847952058033655
166356.685923663084395,197.243615335931651
166356.685771511518396,197.639931247880327
166356.685497123515233,198.036854261610557
166356.685375532892067,198.432335408838526
166356.685162263107486,198.826966614005386
166356.685040669981390,199.219472963491228
166356.684796838380862,199.611220436203979
166356.684614124824293,200.001465332405758
166356.684400853177067,200.391922714212427
166356.684309820586350,200.781833704395297
166356.684065992594697,201.172746412440517
166356.683944404590875,201.563689475362651
166356.683578342548572,201.955816386775581
166356.683395639585797,202.347897765265657
166356.683212939475197,202.740920151206751
166356.682938561018091,203.133487211117512
166356.682511386228725,203.526555130090912
166356.682175890542567,203.918864171937059
166356.681718158128206,204.311537474940167
166356.681413223734125,204.703345657935500
166356.680924933403730,205.095533279731427
166356.680620000988711,205.487022734401705
166356.680162272416055,205.879073758295704
166356.679857342736796,206.270563212970472
166356.679430176736787,206.662735657134021
166356.679064130410552,207.054392064852266
166356.678698086412624,207.446761816930007
166356.678515400912147,207.838585177272705
166356.678241038753185,208.231015639354865
166356.678088915417902,208.622930064884798
166356.677783996099606,209.015375704562445
166356.677631875209045,209.407183887318126
166356.677357518114150,209.799553639248728
166356.677205399726517,210.191331466927863
166356.676931044843514,210.583625331164143
166356.676809488504659,210.975327271094784
166356.676535136241000,211.367651490413209
166356.676413582521491,211.759338252806401
166356.676139232818969,212.151677649667334
166356.676017681777012,212.543409944681343
166356.675743334519211,212.935749341545403
166356.675591226317920,213.327542346773356
166356.675408560782671,213.719896921018176
166356.675287014746573,214.111689926194146
166356.675043232389726,214.504044500549497
166356.674921688972972,214.895822328187990
166356.674708468723111,215.288146547412822
166356.674586927751079,215.679909197513581
166356.674343150283676,216.072233416795513
166356.674191052385140,216.463996066952944
166356.673947277537081,216.856305108698280
166356.673795181966852,217.248082936397566
166356.673520850075874,217.640391978200711
166356.673368757008575,218.032169805902356
166356.673094427795149,218.424478847708684
166356.672972896951251,218.816241497817998
166356.672698570066132,219.208565717166920
166356.672546482062899,219.600328367333873
166356.672333277296275,219.992652586574934
166356.672150632191915,220.384415236799668
166356.671937429695390,220.776724278503849
166356.671693667885847,221.168502106382334
166356.671419348742347,221.560811148201282
166356.671297828026582,221.952588975858873
166356.671084630710538,222.344898017568624
166356.670963112555910,222.736660667688625
166356.670688798534684,223.128984887053065
166356.670536723104306,223.520747537231642
166356.670262411644217,223.913071756599322
166356.670110338891391,224.304834406780202
166356.669774910551496,224.697143448725114
166356.669622840418015,225.088921276448133
166356.669348533963785,225.481230318282883
166356.669227025995497,225.873008145951189
166356.669013841310516,226.265317187674810
166356.668739537708461,226.657079838091732
166356.668373557215091,227.049404057644580
166356.668221494706813,227.441166707835663
166356.667916636215523,227.833490927277495
166356.667550658516120,228.225253577874554
166356.667123563995119,228.617562620011995
166356.666788148519117,229.009340448095685
166356.666391616221517,229.401649490180404
166356.665995083982125,229.793427318384772
166356.665598554129247,230.185736360474749
166356.665385382366367,230.577499010795350
166356.665111093723681,230.969823230196084
166356.664745126210619,231.361585880811901
166356.664318041875958,231.753910100509131
166356.664165994501673,232.145672750719569
166356.663861151318997,232.537981792646974
166356.663709106505848,232.929759620399295
166356.663465385092422,233.322068662212388
166356.663282783119939,233.713846490026214
166356.663039064325858,234.106155531842177
166356.662887024576776,234.497918182059891
166356.662673868006095,234.890242401359075
166356.662521830876358,235.282005051578807
166356.662247557484079,235.674329270999692
166356.662126082228497,236.066091921162183
166356.661912930838298,236.458400962927357
166356.661669219727628,236.850178790870501
166356.661333832191303,237.242487832878084
166356.661242921894882,237.634265660524648
166356.660968656011391,238.026574702415616
166356.660816629067995,238.418337352645068
166356.660511806141585,238.810661572138997
166356.660145864007063,239.202424222793780
166356.659718805050943,239.594748442533842
166356.659566783113405,239.986511092769348
166356.659292524913326,240.378820134671088
166356.659109945816454,240.770597962509328
166356.658744011190720,241.162907004597173
166356.658591994550079,241.554684832377291
166356.658317741239443,241.946993874285937
166356.658196286705788,242.338756524467811
166356.657922036130913,242.731080743918966
166356.657800583925564,243.122843394102915
166356.657526335911825,243.515167613557310
166356.657374326721765,243.906930263805009
166356.657161200535484,244.299239305599542
166356.657009193964768,244.691017133388925
166356.656734950898681,245.083326175309878
166356.656613506434951,245.475104003039746
166356.656339266104624,245.867413044963797
166356.656217824027408,246.259175695156188
166356.655943586200010,246.651499914622804
166356.655699908267707,247.043262565066954
166356.655364553560503,247.435586784662064
166356.655243116663769,247.827349434859343
166356.654999443620909,248.219658476730586
166356.654847449623048,248.611436304532106
166356.654573219420854,249.003745346469174
166356.654421227925923,249.395523174272995
166356.654147000168450,249.787832216213303
166356.654025570955127,250.179594866416892
166356.653751345817000,250.571919085899793
166356.653629919106606,250.963681736105514
166356.653355696529616,251.356005955591456
166356.653173152997624,251.747768605926524
166356.652898932807148,252.140077647876240
166356.652777511219028,252.531855475625918
166356.652503293822519,252.924164517578788
166356.652381874679122,253.315942345330512
166356.652168778935447,253.708251387158327
166356.652016802690923,254.100014037436580
166356.651773149962537,254.492338256870823
166356.651621176337358,254.884100907151463
166356.651377525995485,255.276409949048997
166356.651256114477292,255.668172599267393
166356.650981907267123,256.060542351390495
166356.650829938589595,256.452305001675768
166356.650402935512830,256.844614043968363
166356.650098171143327,257.236376694581224
166356.649671170802321,257.628746447037145
166356.649305289727636,258.020509097784782
166356.649031089968048,258.412878849919650
166356.648879128973931,258.804611145135254
166356.648452133464161,259.196950542521620
166356.648116817174014,259.588713193212527
166356.647628704842646,259.981022235656326
166356.647354510379955,260.372784886220586
166356.646988639375195,260.765154638564866
166356.646775566623546,261.156917289001001
166356.646531936887186,261.549287041085279
166356.646379986021202,261.941049691392152
166356.646105799183715,262.333419443545495
166356.646014969970565,262.725121383564044
166356.645740785577800,263.117491135720513
166356.645619399496354,263.509253785965427
166356.645345217548311,263.901562827966870
166356.645223834028002,264.293325478213831
166356.644949654641096,264.685664875297448
166356.644828273565508,265.077397170467577
166356.644554096739739,265.469736567554150
166356.644402158563025,265.861468862793572
166356.644158544018865,266.253838614895301
166356.644006608345080,266.645570910136883
166356.643793555849697,267.037879952016056
166356.643611063191202,267.429672957485423
166356.643398013256956,267.821981999367267
166356.643246082821861,268.213744649692387
166356.642971916066017,268.606053691712475
166356.642850547737908,268.997816341972054
166356.642576383543201,269.390125383995269
166356.642455017892644,269.781918389336113
166356.642180856200866,270.174227431362340
166356.642059492995031,270.565990081626182
166356.641785333922599,270.958299123655593
166356.641572294291109,271.350092129206132
166356.641237018455286,271.742401171376059
166356.641146219801158,272.134163821576010
166356.640902625513263,272.526472863543177
166356.640536792634521,272.918235514365108
166356.640170962142292,273.310544556612001
166356.639835691603366,273.702337562448520
166356.639408744405955,274.094646604838488
166356.639104035915807,274.486409255531385
166356.638677091279533,274.878718297926525
166356.638311266084202,275.270511303841886
166356.637976002821233,275.662820346033584
166356.637762978498358,276.054582996525937
166356.637519396783318,276.446892038512260
166356.637153576652054,276.838654689357043
166356.636696079978719,277.230963731836994
166356.636544179928023,277.622756737275267
166356.636270043672994,278.015065779338840
166356.636087586521171,278.406828429770769
166356.635874572210014,278.799137471696895
166356.635630998236593,279.190930477351344
166356.635356867278460,279.583239519421454
166356.635204974736553,279.975002169788183
166356.634961405943613,280.367311211790764
166356.634748396638315,280.759073862301477
166356.634474270569626,281.151382904378181
166356.634322383324616,281.543175909828733
166356.634078819421120,281.935484951837395
166356.633926934679039,282.327247602211230
166356.633683373336680,282.719556644222848
166356.633500931435265,283.111349649749457
166356.633257372770458,283.503658691764144
166356.633105492976028,283.895421342142640
166356.632861936755944,284.287730384160284
166356.632710059639066,284.679493034541110
166356.632466505805496,285.071802076561596
166356.632314631307963,285.463595082023801
166356.632101639814209,285.855904123974881
166356.631888648320455,286.247666774504751
166356.631706218875479,286.639915106228329
166356.631493228662293,287.031131365338410
166356.631280238390900,287.421770877948063
166356.631158922042232,287.809739143386025
166356.630884803424124,288.195612908735313
166356.630763475317508,288.577631578684532
166356.630489343195222,288.956796871570020
166356.630337441107258,289.331773163258163
166356.630154973827302,289.704078208065141
166356.629972498922143,290.072679933231086
166356.629759460629430,290.439217513097162
166356.629638094862457,290.802628519603559
166356.629394488001708,291.164582482611024
166356.629334233526606,291.523774132986034
166356.629060059320182,291.881660515478870
166356.628969237499405,292.236784585338398
166356.628695055493154,292.590542677085068
166356.628573665511794,292.941295615638978
166356.628360593633261,293.290439735226812
166356.628239193931222,293.636335861136729
166356.627995552436914,293.980532102918232
166356.627874142490327,294.321419640788918
166356.627599931089208,294.660607294606507
166356.627539630397223,294.996607664605165
166356.627265409391839,295.331090281174454
166356.627143980120309,295.662507034389421
166356.626869750150945,295.992557809422124
166356.626748312031850,296.319633786336681
166356.626474073447753,296.645434850306856
166356.626322066935245,296.968261116233066
166356.626017259957734,297.289842824294965
166356.625926364155021,297.608389023928737
166356.625621548446361,297.925721020928222
166356.625377845310140,298.239956799716879
166356.625103580183350,298.552948020341830
166356.625012666394468,298.862873377532651
166356.624616153596435,299.171554177238875
166356.624341872753575,299.477199468741048
166356.624067589815240,299.781691267241229
166356.623884979228023,300.083208267769635
166356.623610687674955,300.383602130602185
166356.623428068589419,300.681021195462904
166356.623123208875768,300.977468898099175
166356.623062819824554,301.270911447303774
166356.622727392124943,301.563382634664663
166356.622666994924657,301.852970088832762
166356.622362118563615,302.141555826003241
166356.622271153202746,302.427197119974039
166356.621996828122064,302.711927762032872
166356.621875294833444,302.993683605964520
166356.621600961487275,303.274559152987706
166356.621479419700336,303.552459901883310
166356.621205078030471,303.829510708949954
166356.621144647593610,304.103677782971772
166356.620870297832880,304.376994915318846
166356.620779299410060,304.647397959617990
166356.620474382187240,304.917102837638595
166356.620444494299591,305.183590076588814
166356.620078443782404,305.447315004195559
166356.620017970213667,305.702965480007492
166356.619774114515167,305.948932686070350
166356.619530227326322,306.182211469096217
166356.619316869415343,306.403317865351255
166356.619042362726759,306.612616136016300
166356.618798386829440,306.810440186728215
166356.618523823446594,306.997123923511367
166356.618340911751147,307.172970896845982
166356.618096854421310,307.338345368068076
166356.617913890630007,307.493490177499496
166356.617761461588088,307.638739231087300
166356.617700687143952,307.774365724386939
166356.617701008566655,307.900673208266312
166356.617670747684315,308.018117009144305
166356.617671026207972,308.127486358920180
166356.617640736920293,308.233638070395955
166356.617641007760540,308.339941557189093
166356.617641286691651,308.449371617123177
166356.617641576798633,308.563172808438765
166356.617641880933661,308.682437913981403
166356.617642199853435,308.807409774383132
166356.617642533732578,308.938240165039474
166356.617642883094959,309.075020151187175
166356.617643247707747,309.217719377747585
166356.617643627454527,309.366307489641258
166356.617644022568129,309.520814841947697
166356.617644432757515,309.681120014350427
166356.617492059711367,309.847223007240757
166356.617278582591098,310.019184530542589
166356.617156799067743,310.196792098311278
166356.616973911237437,310.380136776175334
166356.616791038191877,310.569097143662191
166356.616608179698233,310.763642845692686
166356.616425335872918,310.963743527187944
166356.616242506483104,311.169338477989868
166356.616181930061430,311.380397342704782
166356.616029689030256,311.596859411725120
166356.615846902073827,311.818481844261157
166356.617130989208817,312.044080788369513
166356.619026280473918,312.273808021644982
166356.620891024707817,312.508209937163940
166356.623153057706077,312.747559729531929
166356.625873498967849,312.991887753667356
166356.629388505010866,313.241285073933796
166356.633698075660504,313.495812400484283
166356.638741089613177,313.754528726021590
166356.644639784994069,314.017282274827949
166356.650782962155063,314.281553576925319
166356.657690143445507,314.550469204101205
166356.664872369845398,314.822329273196431
166356.672635244554840,315.099653254971940
166356.682904019893613,315.380103803320139
166356.696045416989364,315.665623642323112
166356.710134173394181,315.954725378114176
166356.725567570538260,316.249624930415109
166356.742162245500367,316.548409929715888
166356.760773873771541,316.852962388664082
166356.781280211464036,317.161400292664098
166356.804292456887197,317.475484234677538
166356.829474448517431,317.793301845588473
166356.860340549319517,318.115794123586738
166356.898082578089088,318.439895202510968
166356.941264237626456,318.768094202562565
166356.988418660999741,319.099267989640225
166357.042937971826177,319.433871880937090
166357.106472382380161,319.768536458266851
166357.178838541498408,320.105781193588257
166357.259364135155920,320.444998987025713
166357.351655202626716,320.786098763710186
166357.455345022957772,321.127228864702829
166357.570494721760042,321.470756985890716
166357.698754511133302,321.813131578565333
166357.840888384613208,322.155111517552939
166357.996743537194561,322.494359462085356
166358.166717246873304,322.831694998121520
166358.350198314932641,323.165053981838469
166358.547828495851718,323.495225643469382
166358.758813233464025,323.820206549859336
166358.983427565312013,324.140360961132444
166359.219104482152034,324.456326340736496
166359.467646995850373,324.765310016564570
166359.726640888024122,325.065308559881487
166359.996391752676573,325.355380962421407
166360.274913209374063,325.634555867019515
166360.562999807822052,325.902377945379044
166360.859215243370272,326.158574005687626
166361.164965259493329,326.402931558641626
166361.479027469060384,326.635268477105910
166361.802990972937550,326.855068720512236
166362.135358347557485,327.062241227721472
166362.477382534823846,327.255420016915650
166362.826588188414462,327.429353666460997
166363.183005872531794,327.585772415821680
166363.547155108186416,327.727317155442563
166363.920227725524455,327.855262795444446
166364.300329025427345,327.969578985983048
166364.686542219365947,328.070660345653664
166365.075475185876712,328.158597948997681
166365.466027780552395,328.234636357269835
166365.856641452293843,328.295527581601505
166366.248171875544358,328.342850083801977
166366.639427237794735,328.381733875168607
166367.031660491076764,328.414485938191604
166367.423802052158862,328.442775805031147
166367.817196547635831,328.467392704062206
166368.210529915580992,328.489459776704393
166368.604963424673770,328.509614476426293
166368.999183011706918,328.528554973560290
166369.394197141518816,328.544945642043388
166369.788600073021371,328.559939978595310
166370.183675314881839,328.574600407391927
166370.577956004533917,328.589321548401585
166370.972817325731739,328.603769492059428
166371.366945213230792,328.618035307162984
166371.761623172031250,328.631815439475758
166372.155628815758973,328.645140247397535
166372.550367888004985,328.657675821289388
166372.944465204549488,328.669634650418686
166373.339173710963223,328.680864956013636
166373.733454379718751,328.691670291651064
166374.128315679030493,328.701959589371882
166374.522565781080630,328.711095395852965
166374.917457631789148,328.719199127999957
166375.311738287331536,328.727060021159843
166375.706660693162121,328.734465586411204
166376.101033023500349,328.741689022663650
166376.495924865070265,328.748366066124731
166376.890327750355937,328.754800270279020
166377.285189027374145,328.760627371668932
166377.679622467025183,328.766120568371775
166378.074544858653098,328.771128082532073
166378.468917174730450,328.775953467712725
166378.863809002563357,328.780414590568853
166379.258181313867681,328.784420388707190
166379.653103695949540,328.787849438932767
166380.047476003004704,328.791278490630759
166380.442398381768726,328.794434345154002
166380.836801245284732,328.797590201068431
166381.231784740230069,328.800533569874517
166381.626218159915879,328.803385874937703
166382.021171091881115,328.805995337989316
166382.415665627340786,328.808544092124407
166382.810587995918468,328.810758939283232
166383.205021408910397,328.813064852973298
166383.599943774344865,328.815097569669263
166383.994407744088676,328.817251707886385
166384.389330106147099,328.818980873834676
166384.783763512677979,328.820740396172312
166385.178685871651396,328.822287431666723
166385.573149834875949,328.823955888683940
166385.968041631509550,328.825472569169108
166386.362505591765512,328.826958895735572
166386.757458504464012,328.828263090534676
166387.151922461926006,328.829658351868090
166387.546875371481292,328.830719706079833
166387.941308766021393,328.831872126909730
166388.336292232561391,328.832903125953067
166388.730725624074694,328.833903771413475
166389.125678528042044,328.834782995172191
166389.520142476423644,328.835722930395377
166389.915095377305988,328.836420023718233
166390.309528762882110,328.837117118448305
166390.704512220690958,328.837753501537975
166391.098945603589527,328.838450596259293
166391.493898498942144,328.839026269283011
166391.888362439000048,328.839723363912469
166392.283315331733320,328.840268681858220
166392.677748709567823,328.840965776562257
166393.072732159285806,328.841511094417342
166393.467165534384549,328.842177834042900
166393.862118421995547,328.842723151973587
166394.256582353787962,328.843177406020573
166394.651535238255747,328.843570948597005
166395.045968608057592,328.844116267929678
166395.440952049568295,328.844479455348051
166395.835385416459758,328.844964064535759
166396.230338295805268,328.845357607101107
166396.624802219797857,328.845811861130812
166397.019755096698646,328.846205403690931
166397.414219017664436,328.846507882370815
166397.809171891363803,328.846688939445187
166398.203605249931570,328.846930708067418
166398.598558121011592,328.847111765139175
166398.993022036796901,328.847383888743877
166399.387944342452101,328.846411453300277
166399.781949855794664,328.844801563922204
166400.176260962965898,328.842645282498154
166400.569563599769026,328.840276518352539
166400.963141270272899,328.837209586912934
166401.355924387229607,328.833626621499661
166401.749196454882622,328.829133002749302
166402.141887886333279,328.824032284253690
166402.535190507129300,328.818081622239788
166402.928034730546642,328.811645280431492
166403.321642941853497,328.804480414973227
166403.714762196934316,328.797042355285214
166404.108492642699275,328.789300743313561
166404.501031251624227,328.778098656989584
166404.890544437686913,328.760734500371541
166405.275718143442646,328.739818812835551
166405.658477627497632,328.715806915183862
166406.038731211621780,328.688850583026635
166406.418862544582225,328.657765962320980
166406.798168753739446,328.622097729017355
166407.177749975468032,328.578021141810041
166407.556017109018285,328.525687980424266
166407.934864855837077,328.466433862703809
166408.312245714652818,328.398376780174942
166408.689840463164728,328.320423945982157
166409.066762871632818,328.232696782885682
166409.444388123520184,328.134861381522796
166409.822777343448251,328.028921176159656
166410.200799817277584,327.912174569100671
166410.576377491874155,327.785592928170900
166410.948685253504664,327.647931698006801
166411.316042325750459,327.500496151057064
166411.680282289569732,327.344318354650170
166412.038196379027795,327.177971629467663
166412.390059629222378,327.000879228594556
166412.734313499240670,326.813253641761946
166413.071660859452095,326.614548475959452
166413.401001562946476,326.404885154472709
166413.723007920314558,326.183535153983712
166414.036457546113525,325.950589543032606
166414.341717154427897,325.705441219381385
166414.640253613411915,325.449941838061363
166414.929316549387295,325.181966551988808
166415.207041828485671,324.902972409283734
166415.472879376146011,324.612504085455441
166415.725881848658901,324.312473952078051
166415.965865886304528,324.002153488067279
166416.192220300610643,323.683181868480517
166416.408276091911830,323.355073403332312
166416.614124943327624,323.019588686054703
166416.806496970530134,322.675483167698189
166416.984016995062120,322.324851351261032
166417.150443853694014,321.967936067152039
166417.303271659940947,321.606224720086175
166417.442133697506506,321.239565535614304
166417.566999411967117,320.869719107404933
166417.674690601706970,320.497231834904255
166417.768263232253958,320.122528680768198
166417.849978710175492,319.742938393291467
166417.920478788611945,319.358794876378681
166417.980069062497932,318.969399962661612
166418.028749538701959,318.577394542578929
166418.066948053485248,318.183264295920537
166418.095703641825821,317.789680465455774
166418.116299808141775,317.396460917343632
166418.128950472921133,317.004759143360786
166418.135580889589619,316.613087740276058
166418.138941428740509,316.222478773005491
166418.140315591008402,315.831353774859963
166418.141170241753571,315.440623393904559
166418.142361047153827,315.048891294980422
166418.144621441839263,314.657341323664468
166418.148257019172888,314.264819986756208
166418.153665058023762,313.872753971228121
166418.160662197798956,313.479989785155396
166418.169340120744891,313.087863051114823
166418.179332108295057,312.695311342844548
166418.189721374947112,312.303639930457848
166418.199988403124735,311.911543547563326
166418.210530471289530,311.520206040616927
166418.220889181306120,311.128261432938586
166418.230789499415550,310.736893572712574
166418.239773027715273,310.344736483248710
166418.247839769232087,309.953095432272448
166418.254806363023818,309.560786572764130
166418.260703372186981,309.168993752114602
166418.265591912961099,308.776593832805304
166418.269747024925891,308.384801016668177
166418.273168705403805,307.992401101153519
166418.276254232623614,307.600638642850583
166418.278636887844186,307.208269085080588
166418.280775068851653,306.816567339344601
166418.282760451431386,306.424258492737863
166418.284898634999990,306.032526391965519
166418.286975699127652,305.640217545153632
166418.289327802660409,305.248515798932658
166418.291679906018544,304.856206951455817
166418.294123690924607,304.464444494907639
166418.296414677461144,304.072105292551498
166418.298736226512119,303.680373191404954
166418.300904976902530,303.288003634321456
166418.303134849411435,302.896241178370417
166418.305211923667230,302.503901976608063
166418.307075083022937,302.112169876664552
166418.308663205476478,301.719830676147637
166418.310281889629550,301.327825381264120
166418.311686652363278,300.933695232473951
166418.313030292803887,300.537865200285239
166418.314190567471087,300.138362205869100
166418.315228598425165,299.736157611106592
166418.316144381591585,299.329764017881928
166418.317029598925728,298.920274208255705
166418.317792568181176,298.506382914720859
166418.318524971487932,298.089273984529143
166418.319196245982312,297.667793925340277
166418.319775834796019,297.243005164453166
166418.320355414645746,296.813905984544647
166418.320873868768103,296.381528457925469
166418.321331194776576,295.944931577624857
166418.321819073986262,295.505056350388315
166418.322276385384612,295.061143899776596
166418.322733690438326,294.613953102303924
166418.323221547005232,294.162816146497676
166418.323648278252222,293.708491909169709
166418.324075002048630,293.250282223709405
166418.324501720024273,292.788976321769496
166418.324806191842072,292.323906392246784
166418.325080098409671,291.855679536190053
166418.325353997992352,291.383810072508425
166418.325536212942097,290.908814037502850
166418.325810100126546,290.430236104778885
166418.326053422177210,289.948622665774394
166418.326296737825032,289.463488039399294
166418.326356690260582,288.975317907108035
166418.326447196188383,288.483717652562405
166418.326446017890703,287.989051536816362
166418.326475393492728,287.491107074133311
166418.326504763914272,286.990187815222043
166418.326503569202032,286.486020564582645
166418.326563488750253,285.978817807442908
166418.326501164294314,285.468458123981975
166418.326499954331666,284.955123644147932
166418.326407060550991,284.438753658173766
166418.326283602102194,283.919348165914585
166418.326068460009992,283.396998232704050
166418.325914432760328,282.871703858183423
166418.325760400912259,282.343465042496518
166418.325606364407577,281.812312140706524
166418.325360644783359,281.278275508090417
166418.325176040001679,280.741385499355943
166418.324930311879143,280.201702824913923
166418.324745699006598,279.659166774353878
166418.324530522455461,279.113868413078933
166418.324376461212523,278.565807740877631
166418.324161276977975,278.014984758031289
166418.323946088959929,277.461429819462865
166418.323761456878856,276.905203635229441
166418.323546261701267,276.346306205471137
166418.323361622518860,275.784737530047778
166418.323176980193239,275.220527964093208
166418.322961774771102,274.653707862740248
166418.322777125751600,274.084277225849974
166418.322561913984828,273.512296763688084
166418.322377258969937,272.937766476116281
166418.322131481487304,272.360686363341472
166418.321916260814760,271.781117135283807
166418.321701037464663,271.199058792012181
166418.321485811204184,270.614511333526764
166418.321270582324360,270.027474759827271
166418.321024791221134,269.438070491236317
166418.320870676659979,268.846237817354449
166418.320686000108253,268.252037448581177
166418.320501321170013,267.655469384848686
166418.320377759227995,267.056503270958160
166418.320223635411821,266.455230172303118
166418.320008390292060,265.851650088950407
166418.319854262517765,265.245793375694632
166418.319700132822618,264.637660032670453
166418.319546001031995,264.027219704814058
166418.319269629078917,263.414593812645990
166418.318901576451026,262.799721645970976
166418.318686320330016,262.182633559321175
166418.318440502975136,261.563359908158986
166418.318194684165064,260.941961402545132
166418.317979423503857,260.318377332286673
166418.317733601899818,259.692668407642373
166418.317579457885586,259.064834628350184
166418.317333633720409,258.434936704930067
166418.317148927773815,257.802913926927999
166418.316903101396747,257.168827004731781
166418.316718393296469,256.532736648208584
166418.316503124602605,255.894612502489451
166418.316318414697889,255.254454567445123
166418.316103144199587,254.612278020736341
166418.315887873119209,253.968189105021025
166418.315672601282131,253.322096755108475
166418.315487888408825,252.674031325998357
166418.315303175186273,252.024083882945632
166418.315087901719380,251.372208893418218
166418.314903187390883,250.718406357289069
166418.314687913167290,250.062736984812261
166418.314533757802565,249.405185598266286
166418.314349042542744,248.745737020309093
166418.314133767562453,248.084512671194204
166418.313826813595369,247.421451840918934
166418.313550418999512,246.756569706764253
166418.313274024578277,246.089881446324910
166418.312905951228458,245.421432592381848
166418.312507318332791,244.751207967278305
166418.312108685728163,244.079237926015452
166418.311710053298157,243.405522468593603
166418.311280861438718,242.730076772605457
166418.310882229765411,242.052946370523898
166418.310483598208521,241.374070552283030
166418.310268325265497,240.693555560240611
166418.309991933405399,240.011355862289491
166418.309746101847850,239.327516990842469
166418.309500270814169,238.642038945960252
166418.309285000141244,237.954936905114721
166418.309039170562755,237.266210868426100
166418.308854461007286,236.575876013246329
166418.308639192779083,235.883962694819047
166418.308515604352579,235.190470912905766
166418.308514255390037,234.495415844980784
166418.308482347696554,233.798812668873182
166418.308481000887696,233.100691739528202
166418.308479655068368,232.401022701941628
166418.308478310413193,231.699851088708812
166418.308446407376323,230.997192077419754
166418.308445065107662,230.293045667957728
166418.308443724235985,229.587427037912846
166418.308442384877708,228.880381719880631
166418.308441046799999,228.171864181265590
166418.308439710119274,227.461919954663131
166418.308438374777324,226.750488329946307
166418.308437041181605,226.037690727369153
166418.308435708924662,225.323451259272673
166418.308434378588572,224.607845813316032
166418.308433049824089,223.890859211967324
166418.308431722864043,223.172506632758342
166418.308430397417396,222.452772898157377
166418.308398514345754,221.731718718347423
166418.308397192740813,221.009328915684506
166418.308395873114932,220.285618667756665
166418.308394555293489,219.560587974563987
166418.308393239567522,218.834267191169914
166418.308391925878823,218.106641140042598
166418.308390614169184,217.377724998714058
166418.308389304729644,216.647533944715804
166418.308387997327372,215.916098333111563
166418.308386692195199,215.183418163901308
166418.308385389216710,214.449478259553274
166418.308384088566527,213.714354507726256
166418.308382790244650,212.977986198293308
166418.308381494251080,212.240403686317904
166418.308380200702231,211.501606971799930
166418.308378909598105,210.761641587334935
166418.308377620822284,210.020477177859277
166418.308376334665809,209.278159275968278
166418.308375051186886,208.534703059193703
166418.308373770152684,207.790047817408379
166418.308372491854243,207.044284615803093
166418.308371216000523,206.297352744250759
166418.308369942998979,205.549328090410114
166418.308368672733195,204.800180299217772
166418.308367405261379,204.049939725737232
166418.308366140583530,203.298621547500204
166418.308364878699649,202.546195409443214
166418.308363619784359,201.792661311566235
166418.308362363895867,201.038095141528146
166418.308361110743135,200.282466544265418
166418.308359860675409,199.525775519778051
166418.308358613634482,198.768067600661396
166418.308357369620353,198.009327609383575
166418.308356128691230,197.249555545944787
166418.308354890963528,196.488781765408419
166418.308353656204417,195.726945557647326
166418.308535782620311,194.964122810025202
166418.308717912295833,194.200343877903180
166418.308930604776833,193.435593583700637
166418.309112740971614,192.669856749983722
166418.309325440088287,191.903148554186657
166418.309507582918741,191.135499351470230
166418.309689729067031,190.366863609190432
166418.309902438195422,189.597271682362930
166418.310084591328632,188.826784281210706
166418.310297307383735,188.055340695511205
166418.310479467327241,187.283001635486698
166418.310661630821414,186.509721568494172
166418.310874357528519,185.735546027081995
166418.311056528065819,184.960475011344272
166418.311269262107089,184.184538876250883
166418.311451439862140,183.407692089299786
166418.311633621458896,182.629965005507728
166418.311846366384998,181.851387979892507
166418.312028555315919,181.071945835014219
166418.312241307517979,180.291623393249608
166418.312423504015896,179.510496542348648
166418.312605704471935,178.728504572138604
166418.312818468082696,177.945693015169951
166418.313000676047523,177.162061871532643
166418.313213447574526,176.377595963605330
166418.313395663280971,175.592310469008908
166418.313577883003745,174.806235742762368
166418.313790666288696,174.019356607289978
166418.313972893985920,173.231673062679732
166418.314185685187113,172.443215463907592
166418.314367920858786,171.653968633529018
166418.314550160546787,170.863962926563801
166418.314762964088004,170.073198342969107
166418.314945211808663,169.281644527767412
166418.315158023673575,168.489392546063755
166418.315340279776137,167.696351332752670
166418.315522540244274,166.902566420386734
166418.315735364391003,166.108068163987696
166418.315917633241042,165.312841386107721
166418.316130465944298,164.516886086663249
166418.316312743118033,163.720187088205734
166418.316495024715550,162.922805100820625
166418.316707870282698,162.124694591871446
166418.316890160436742,161.325901094035828
166418.317103014793247,160.526424607232030
166418.317285313736647,159.726249954009518
166418.317467616987415,158.925377134327647
166418.317680484440643,158.123851680741723
166418.317862796713598,157.321643238268308
166418.318075673014391,156.518782161891266
166418.318257994134910,155.715253274158101
166418.318440319795627,154.911071752560900
166418.318653209542390,154.106207241997197
166418.318835544167086,153.300735630203860
166418.319048443110660,152.494626562039656
166418.319230786990374,151.687895215113684
166418.319413135352079,150.880511234323762
166418.319626047974452,150.072520152227185
166418.319808405824006,149.263906791368242
166418.320021327759605,148.454671151671306
166418.320203694747761,147.644843588275165
166418.320386066392530,146.834393746078490
166418.320599002414383,146.023382335171590
166418.320781383430585,145.211748645501331
166418.320994328998495,144.399538209589451
166418.321176719618961,143.586751027509109
166418.321359115012456,142.773387099223640
166418.321572074841242,141.959446424697205
166418.321754479897209,141.144944181533532
166418.321967449388467,140.329880369661026
166418.322149864165112,139.514254989150885
166418.322332283656579,138.698068039967353
166418.322545267641544,137.881334699607407
166418.322727697086520,137.064054968141022
166418.322940690966789,136.246244023030386
166418.323123130190652,135.427886686812855
166418.323305574245751,134.608998136985605
166418.323518582968973,133.789593551046522
166418.323701036977582,132.969672929063478
166418.323914055596106,132.149205915905554
166418.324096519674640,131.328253221766744
166418.324278988759033,130.506769314018243
166418.324492022511549,129.684799725222518
166418.324674501665868,128.862298922850044
